Common Name,Hotspot,Scientific name,enddate,startdate,latitude,longitude,detection_count,id
European Roe,CT48,Capreolus capreolus,2025-07-10 02:34:12,2025-07-10 02:34:01,46.50836,29.87452,1,2ffd7a8f-467b-415e-b8fa-ac2f1ee258df
European Roe,CT49,Capreolus capreolus,2025-06-08 23:26:35,2025-06-08 23:26:35,46.51642,29.87586,1,539a383f-a028-41bf-b5b6-d95e572df0c3
European Roe,CT49,Capreolus capreolus,2025-06-12 02:41:58,2025-06-12 02:41:58,46.51642,29.87586,1,a03f9595-9d87-4d79-8612-fa9d4e2f259d
European Roe,CT49,Capreolus capreolus,2025-06-10 03:06:53,2025-06-10 03:06:53,46.51642,29.87586,1,4d0b038c-b0d7-47b2-97a3-88b4b5438069
European Roe,CT49,Capreolus capreolus,2025-06-20 05:10:28,2025-06-20 05:10:28,46.51642,29.87586,1,ffadc98e-285b-4cc6-bab6-074b25fb770c
European Roe,CT44,Capreolus capreolus,2025-06-24 06:17:05,2025-06-24 06:17:05,46.53128,29.86926,1,5930f4bc-099c-4936-87d3-e2ae36900cb6
European Roe,CT49,Capreolus capreolus,2025-06-20 03:11:39,2025-06-20 03:11:39,46.51642,29.87586,1,bf6ed2f9-d4d3-4908-a7ba-ddaee46f1485
European Roe,CT49,Capreolus capreolus,2025-05-31 04:26:57,2025-05-31 04:26:57,46.51642,29.87586,1,b91b0a56-18b9-45dd-baf8-e1a84c88b4d7
European Roe,CT49,Capreolus capreolus,2025-06-12 04:42:09,2025-06-12 04:42:09,46.51642,29.87586,1,04a4f790-a10c-43fe-8746-e44e0405fbb2
European Roe,CT49,Capreolus capreolus,2025-05-31 19:11:46,2025-05-31 19:11:46,46.51642,29.87586,1,d511c6b5-8b9a-470f-a77a-18d0cb6ca838
European Roe,CT44,Capreolus capreolus,2025-06-24 04:16:54,2025-06-24 04:16:54,46.53128,29.86926,1,de9efde5-9159-488b-bfa1-c66e229541b6
European Roe,CT49,Capreolus capreolus,2025-06-08 21:26:24,2025-06-08 21:26:24,46.51642,29.87586,1,0c102ea4-4e1e-42fe-bf56-738110e2131f
European Roe,CT49,Capreolus capreolus,2025-05-31 02:26:45,2025-05-31 02:26:45,46.51642,29.87586,1,186b2820-621b-4b49-ab45-16e00eb56079
European Roe,CT48,Capreolus capreolus,2025-06-02 02:44:19,2025-06-02 02:44:19,46.50836,29.87452,1,e5ab4d32-dae9-4815-bb7a-f9b04bbdde0d
European Roe,CT48,Capreolus capreolus,2025-06-02 04:44:31,2025-06-02 04:44:31,46.50836,29.87452,1,bd01e9b1-2cdd-4480-b3b9-53ff9f389003
European Roe,CT49,Capreolus capreolus,2025-05-31 21:11:57,2025-05-31 21:11:57,46.51642,29.87586,1,4dbd9e69-dd94-48af-b831-9c47c13cff62
Badger,CT44,Meles meles,2025-07-03 00:06:34,2025-07-03 00:06:22,46.53128,29.86926,1,e428de57-a54c-412e-8866-75a25aef6995
Badger,CT44,Meles meles,2025-07-02 19:48:02,2025-07-02 19:47:51,46.53128,29.86926,1,2b1a9708-9965-47fa-a701-910054673bb6
Badger,CT48,Meles meles,2025-07-27 20:40:35,2025-07-27 20:40:35,46.50836,29.87452,1,3a7eee7c-d52d-4574-ad59-ac99d8d74024
Badger,CT49,Meles meles,2025-06-10 02:33:16,2025-06-10 02:33:16,46.51642,29.87586,1,e3e230a3-1256-4239-9ced-2f8f7cd089c7
Badger,CT49,Meles meles,2025-06-15 02:32:53,2025-06-15 02:32:53,46.51642,29.87586,1,dda745d4-0584-41cc-8190-4d40f5775fa8
Badger,CT49,Meles meles,2025-06-05 23:00:52,2025-06-05 22:59:51,46.51642,29.87586,1,49c836e1-d411-4b72-ba27-bb5fb0e61ee3
Badger,CT48,Meles meles,2025-06-11 23:59:07,2025-06-11 23:59:07,46.50836,29.87452,1,f32b31b8-f258-41a8-9de5-9b9c69856791
Badger,CT46,Meles meles,2025-06-02 02:43:35,2025-06-02 02:43:35,46.51381,29.87948,1,d86f081b-323d-4c43-b989-db4ed1e2ac4a
Badger,CT49,Meles meles,2025-06-26 02:21:33,2025-06-26 02:21:33,46.51642,29.87586,1,b28d273a-a94e-4611-9d8d-026596d43b15
Badger,CT49,Meles meles,2025-06-06 01:01:04,2025-06-06 01:00:02,46.51642,29.87586,1,448a93f8-75df-44d8-8b47-985507d4b3b7
Badger,CT41,Meles meles,2025-05-29 23:47:35,2025-05-29 23:45:59,46.5229,29.87434,1,d516e8f5-917c-4393-a545-5f5773e99d27
Badger,CT49,Meles meles,2025-06-26 04:21:45,2025-06-26 04:21:45,46.51642,29.87586,1,8699ed66-a7f6-4dff-876e-2d78836cef02
Badger,CT41,Meles meles,2025-05-29 19:47:35,2025-05-29 19:45:47,46.5229,29.87434,1,93abcca5-4f00-4357-aab1-0feab97ba839
Badger,CT49,Meles meles,2025-06-19 02:21:28,2025-06-19 02:21:28,46.51642,29.87586,1,74ce6c2f-2f49-4c54-b988-7abd37534187
Badger,CT46,Meles meles,2025-06-02 00:43:23,2025-06-02 00:43:23,46.51381,29.87948,1,bc0c907d-642e-49c7-8d8f-62e890624220
Badger,CT49,Meles meles,2025-06-11 03:00:58,2025-06-11 03:00:38,46.51642,29.87586,1,4cd57ff9-c2ad-4ad2-bcee-3cfa0438e1fa
Badger,CT49,Meles meles,2025-06-19 00:21:17,2025-06-19 00:21:17,46.51642,29.87586,1,da0c984e-6ae0-45ab-b7e2-fe2bbd94e1a1
Badger,CT49,Meles meles,2025-06-27 00:46:23,2025-06-27 00:46:23,46.51642,29.87586,1,c72bcb43-9e49-49fc-a907-8ef3e21f5e7b
Badger,CT46,Meles meles,2025-05-31 04:20:05,2025-05-31 04:20:05,46.51381,29.87948,1,b6368ae9-8747-4ad4-835d-3b1d5117fd0c
Badger,CT49,Meles meles,2025-06-10 04:33:27,2025-06-10 04:33:27,46.51642,29.87586,1,6752fcd4-29e4-45bb-bc2d-473e4f4e0abf
Badger,CT49,Meles meles,2025-06-01 04:08:02,2025-06-01 04:08:02,46.51642,29.87586,1,72ccb66f-ff56-4d23-a748-f91bd723f165
Badger,CT49,Meles meles,2025-06-15 21:49:02,2025-06-15 21:49:02,46.51642,29.87586,1,4b834310-983c-45c0-b235-b7388f1701f3
Badger,CT49,Meles meles,2025-06-01 02:07:51,2025-06-01 02:07:51,46.51642,29.87586,1,29401815-9584-4437-9c78-f5e513458f97
Badger,CT49,Meles meles,2025-06-15 00:32:41,2025-06-15 00:32:41,46.51642,29.87586,1,18d7cc86-6967-4bca-86e1-24b331ea36d1
Badger,CT46,Meles meles,2025-06-05 03:02:48,2025-06-05 03:02:48,46.51381,29.87948,1,3a754e65-5806-4bc3-983d-cc472e82499e
Badger,CT49,Meles meles,2025-06-21 02:33:56,2025-06-21 02:33:56,46.51642,29.87586,1,5cccf7c0-099c-4d73-a63f-612d84127fbc
Badger,CT49,Meles meles,2025-06-14 02:27:46,2025-06-14 02:27:46,46.51642,29.87586,1,49f836ac-f959-4131-b3b2-b59ebe5fa472
Badger,CT49,Meles meles,2025-06-15 23:49:14,2025-06-15 23:49:14,46.51642,29.87586,1,2e010f02-19ea-4b74-8133-6c5a8d24881c
Badger,CT49,Meles meles,2025-06-26 22:46:12,2025-06-26 22:46:12,46.51642,29.87586,1,80dca78b-4a3f-46a1-aeaf-2726f6ccbee1
Badger,CT49,Meles meles,2025-06-14 04:27:57,2025-06-14 04:27:57,46.51642,29.87586,1,751f6244-710e-4d54-b934-9ec70c37fe34
Badger,CT49,Meles meles,2025-06-22 04:24:29,2025-06-22 04:24:29,46.51642,29.87586,1,045e9599-28c6-418f-8586-ee0aaa6409af
Badger,CT49,Meles meles,2025-06-11 01:00:46,2025-06-11 01:00:27,46.51642,29.87586,1,0e2c5d89-db00-4c90-abde-45a18c9258ae
Cat,CT41,Felis catus,2025-06-02 06:13:54,2025-06-02 06:13:54,46.5229,29.87434,1,d36b72d8-29b2-4cc5-a548-f69a3a97d371
Cat,CT41,Felis catus,2025-06-02 02:13:54,2025-06-02 02:13:43,46.5229,29.87434,1,25e2966e-1311-4252-8a58-71abd81b1d73
Dog,CT45,Canis lupus,2025-08-06 08:11:08,2025-08-06 08:10:57,46.50326,29.8767,3,e65c616a-0d06-4ff0-afc0-1843d55742e6
Dog,CT45,Canis lupus,2025-07-26 17:04:31,2025-07-26 17:04:20,46.50326,29.8767,1,3925aa20-05ed-469f-ad66-d1b7f1a37270
Dog,CT45,Canis lupus,2025-08-06 04:51:13,2025-08-06 04:51:01,46.50326,29.8767,2,82c673d5-fa71-47ec-ad44-00cd6dc4a5d2
Dog,CT48,Canis lupus,2025-06-19 14:50:09,2025-06-19 14:50:09,46.50836,29.87452,1,ded40f57-3582-403a-91f6-79b70b1a7a55
Dog,CT48,Canis lupus,2025-06-03 05:05:22,2025-06-03 05:05:22,46.50836,29.87452,1,416669b9-4fe2-4438-8c7f-64e4b7ac153f
Dog,CT48,Canis lupus,2025-06-07 22:20:55,2025-06-07 22:20:55,46.50836,29.87452,2,a558aea7-e98d-431b-96d8-a96e11b9af5f
Dog,CT48,Canis lupus,2025-06-19 12:49:57,2025-06-19 12:49:57,46.50836,29.87452,1,f0ee0c79-8c09-44e3-bfef-9beea81bf3ab
Dog,CT43,Canis lupus,2025-06-06 02:54:44,2025-06-06 02:54:44,46.51911,29.86366,1,20ae565e-7895-4cea-b252-a1df64972311
Dog,CT43,Canis lupus,2025-06-06 04:54:56,2025-06-06 04:54:56,46.51911,29.86366,2,d4b72b6b-9b23-49c6-a099-dcfec492af14
Dog,CT48,Canis lupus,2025-06-08 00:21:06,2025-06-08 00:21:06,46.50836,29.87452,1,c07a7331-7523-4350-8cb6-a9d72c8a7da5
Common Pheasant,CT48,Phasianus colchicus,2025-07-02 14:11:27,2025-07-02 14:11:16,46.50836,29.87452,2,58bc5999-5fcf-494c-b928-60fdb3fefe86
Common Pheasant,CT41,Phasianus colchicus,2025-06-29 14:20:32,2025-06-29 14:20:20,46.5229,29.87434,1,2ab11ab8-7fad-46a8-9d4a-3fb6bfcc6126
Common Pheasant,CT48,Phasianus colchicus,2025-07-02 13:27:49,2025-07-02 13:27:38,46.50836,29.87452,1,3623dc91-c4ff-4797-8864-a6575b14dc7b
Common Pheasant,CT41,Phasianus colchicus,2025-06-30 11:58:04,2025-06-30 11:53:10,46.5229,29.87434,1,9a3d0c07-1d81-46a5-9613-6886f4556ce4
Common Pheasant,CT45,Phasianus colchicus,2025-07-02 12:01:56,2025-07-02 12:00:07,46.50326,29.8767,1,3479355f-5b4a-4af9-9674-bfe4e6486be7
Common Pheasant,CT48,Phasianus colchicus,2025-07-04 15:48:55,2025-07-04 15:48:44,46.50836,29.87452,1,6c689091-afcf-4ee6-aea0-bbe240cc1e88
Common Pheasant,CT41,Phasianus colchicus,2025-06-30 11:58:34,2025-06-30 11:58:34,46.5229,29.87434,1,172827a9-807a-4c79-9c31-9676736d0975
Common Pheasant,CT48,Phasianus colchicus,2025-07-01 17:20:11,2025-07-01 17:19:59,46.50836,29.87452,2,e538a1ee-64d9-4e1a-857f-147167e4ac43
Common Pheasant,CT49,Phasianus colchicus,2025-06-15 06:15:09,2025-06-15 06:15:09,46.51642,29.87586,1,d9bec49d-a1a7-4570-9de6-4a873c42a500
Common Pheasant,CT41,Phasianus colchicus,2025-06-02 15:11:47,2025-06-02 15:11:47,46.5229,29.87434,1,3caf36f1-5bd1-405a-9f3d-dfd6391fb3e8
Common Pheasant,CT48,Phasianus colchicus,2025-06-03 15:34:29,2025-06-03 15:34:29,46.50836,29.87452,1,db28a8b5-df5a-45b0-afc6-a8232d1822c4
Common Pheasant,CT48,Phasianus colchicus,2025-06-07 14:04:00,2025-06-07 14:04:00,46.50836,29.87452,1,713bb30e-e54f-49be-8b95-738a4ebdce2c
Common Pheasant,CT48,Phasianus colchicus,2025-06-20 12:10:13,2025-06-20 12:09:54,46.50836,29.87452,1,aa4be1a9-b7ad-44e4-a54d-0b8594fc44a6
Common Pheasant,CT49,Phasianus colchicus,2025-06-11 06:03:50,2025-06-11 06:01:36,46.51642,29.87586,1,1165b031-a1ee-4fa4-b6e2-b4a5faa09115
Common Pheasant,CT48,Phasianus colchicus,2025-05-30 16:21:36,2025-05-30 16:21:36,46.50836,29.87452,1,e21c1c08-ba17-4c4b-ab9a-8676061f64ad
Common Pheasant,CT48,Phasianus colchicus,2025-06-07 16:16:25,2025-06-07 16:16:25,46.50836,29.87452,1,3afa2404-3c69-443d-bd54-0dffd23d8b8c
Common Pheasant,CT49,Phasianus colchicus,2025-06-24 08:50:39,2025-06-24 08:50:39,46.51642,29.87586,1,d17b9287-a989-48aa-970b-73bdad5f0f14
Common Pheasant,CT49,Phasianus colchicus,2025-06-11 08:01:47,2025-06-11 08:01:47,46.51642,29.87586,1,329b05ab-1eba-4d02-bc27-00967e2de516
Common Pheasant,CT48,Phasianus colchicus,2025-06-09 11:38:05,2025-06-09 11:36:42,46.50836,29.87452,1,b795194c-8ed4-4268-9dda-3e16d11656b9
Common Pheasant,CT48,Phasianus colchicus,2025-06-27 14:55:38,2025-06-27 14:55:38,46.50836,29.87452,1,b0d768da-c1c3-4ad8-9681-e396805e33e6
Common Pheasant,CT48,Phasianus colchicus,2025-06-04 12:46:57,2025-06-04 12:46:57,46.50836,29.87452,1,e4ba6ec5-18d3-4e35-ae3f-853c87da1e31
Common Pheasant,CT48,Phasianus colchicus,2025-06-03 13:34:18,2025-06-03 13:34:18,46.50836,29.87452,1,3fad9325-b6fe-4679-b627-634f2ff4f0ff
Common Pheasant,CT41,Phasianus colchicus,2025-05-29 10:16:20,2025-05-29 10:16:09,46.5229,29.87434,1,bc3dc64e-1aaf-46ca-bed9-1f9276ebe366
Common Pheasant,CT44,Phasianus colchicus,2025-06-15 16:27:06,2025-06-15 16:27:06,46.53128,29.86926,1,a29c7986-d8ea-44f8-a2af-d266db77164f
Common Pheasant,CT46,Phasianus colchicus,2025-06-01 14:41:04,2025-06-01 14:41:04,46.51381,29.87948,1,bd744f0f-5934-4664-a7b5-b13596dfbd82
Common Pheasant,CT49,Phasianus colchicus,2025-06-24 06:50:27,2025-06-24 06:50:27,46.51642,29.87586,1,cc8b7453-64b8-4fff-95e0-e0e1bf766149
Common Pheasant,CT45,Phasianus colchicus,2025-06-05 15:29:58,2025-06-05 15:29:37,46.50326,29.8767,1,778e9ed6-05e9-43a9-86fc-9ca56c63bc97
Common Pheasant,CT48,Phasianus colchicus,2025-06-16 09:27:41,2025-06-16 09:27:02,46.50836,29.87452,1,47885bd5-925b-40f2-b186-c742f0874509
Common Pheasant,CT48,Phasianus colchicus,2025-06-27 16:55:49,2025-06-27 16:55:49,46.50836,29.87452,1,15ddd847-5079-42ca-965c-b34043fc31c0
Common Pheasant,CT48,Phasianus colchicus,2025-06-18 03:40:08,2025-06-18 03:40:08,46.50836,29.87452,1,6b802610-e68b-4746-ad83-1a1ec17e2296
Common Pheasant,CT48,Phasianus colchicus,2025-06-04 14:47:08,2025-06-04 14:47:08,46.50836,29.87452,1,a000cfa1-a346-4be3-a6b8-45949b150745
Common Pheasant,CT41,Phasianus colchicus,2025-06-02 11:11:47,2025-06-02 11:11:36,46.5229,29.87434,1,d277451d-ec2a-4d14-97bf-a8d38e02dd23
Common Pheasant,CT48,Phasianus colchicus,2025-06-07 12:03:49,2025-06-07 12:03:49,46.50836,29.87452,1,874941a9-724f-4d3b-880b-9b9c918f95b7
Common Pheasant,CT41,Phasianus colchicus,2025-05-30 17:16:49,2025-05-30 17:16:49,46.5229,29.87434,1,931a6b22-d7a5-4856-915e-ba40171a09b2
Common Pheasant,CT49,Phasianus colchicus,2025-06-15 04:14:58,2025-06-15 04:14:58,46.51642,29.87586,1,6b593ab3-6efb-48a9-a165-71ef7679427e
Common Pheasant,CT48,Phasianus colchicus,2025-06-07 14:16:13,2025-06-07 14:16:13,46.50836,29.87452,1,5fc46fc8-b1b9-46b3-92d7-b08570c03131
Common Pheasant,CT46,Phasianus colchicus,2025-06-01 16:41:15,2025-06-01 16:41:15,46.51381,29.87948,1,2922fae6-f315-4259-bd6e-91b181e8eb20
Common Pheasant,CT41,Phasianus colchicus,2025-05-29 14:16:20,2025-05-29 14:16:20,46.5229,29.87434,1,e4260e70-adaa-46d8-9fe7-e46e827a012c
Common Pheasant,CT45,Phasianus colchicus,2025-06-05 17:30:09,2025-06-05 17:30:09,46.50326,29.8767,1,1b9470a3-c6b0-42a8-89d4-606854f04799
Common Pheasant,CT48,Phasianus colchicus,2025-06-09 13:38:17,2025-06-09 13:36:54,46.50836,29.87452,1,5d4179f0-84c1-44bd-a160-abaf879fb8eb
Common Pheasant,CT48,Phasianus colchicus,2025-06-16 11:27:52,2025-06-16 11:27:13,46.50836,29.87452,1,3433b2e4-eb6b-4527-bd3e-5841610923ff
Common Pheasant,CT48,Phasianus colchicus,2025-06-09 10:22:52,2025-06-09 10:22:52,46.50836,29.87452,1,732689aa-6a85-4ffd-9686-40111d8393e9
Common Pheasant,CT48,Phasianus colchicus,2025-06-09 08:22:41,2025-06-09 08:22:41,46.50836,29.87452,1,6cfbb617-6a99-47d2-bcd2-1444e5eea2e0
Common Pheasant,CT48,Phasianus colchicus,2025-06-20 14:10:24,2025-06-20 14:10:06,46.50836,29.87452,1,a2bd08c9-77fc-413c-aa51-8ed2a5189e95
Common Pheasant,CT48,Phasianus colchicus,2025-05-31 18:55:33,2025-05-31 18:55:14,46.50836,29.87452,1,c6b75170-a14e-450a-83c1-8b8b5a40b4e6
Common Pheasant,CT48,Phasianus colchicus,2025-06-01 11:26:38,2025-06-01 11:26:38,46.50836,29.87452,1,fac35873-946c-4f78-9c34-bc06eba90521
Common Pheasant,CT48,Phasianus colchicus,2025-05-30 18:22:05,2025-05-30 18:21:47,46.50836,29.87452,1,333f1268-fe64-4c4b-b115-09456179dd27
Common Pheasant,CT44,Phasianus colchicus,2025-06-15 14:26:55,2025-06-15 14:26:55,46.53128,29.86926,1,674262c8-6121-4623-8421-fe57b59356fe
Common Pheasant,CT48,Phasianus colchicus,2025-06-18 05:40:19,2025-06-18 05:40:19,46.50836,29.87452,1,36ece812-2b5c-45e1-b01c-564d28dec641
Common Pheasant,CT48,Phasianus colchicus,2025-06-01 13:26:49,2025-06-01 13:26:49,46.50836,29.87452,1,ef527ee3-b330-4a23-a69b-38e7642ca30d
Common Pheasant,CT43,Phasianus colchicus,2025-05-30 17:37:11,2025-05-30 17:37:11,46.51911,29.86366,1,1c2b49f0-b18b-45d4-8b54-d764baf6a3b8
Common Pheasant,CT48,Phasianus colchicus,2025-05-31 16:55:21,2025-05-31 16:55:03,46.50836,29.87452,1,2b165896-6278-4149-9a9f-04b0faaa6040
Brown Hare,CT41,Lepus europaeus,2025-07-02 03:07:10,2025-07-02 03:06:58,46.5229,29.87434,1,11d7edf5-b77e-4576-910e-587482e36695
Brown Hare,CT45,Lepus europaeus,2025-07-20 17:59:55,2025-07-20 17:59:55,46.50326,29.8767,1,82df725e-4804-4135-8aae-8846f7515656
Brown Hare,CT48,Lepus europaeus,2025-07-08 04:27:22,2025-07-08 04:27:22,46.50836,29.87452,1,4686286d-b883-4d43-a9f4-98c6aab4162b
Brown Hare,CT45,Lepus europaeus,2025-07-19 19:53:52,2025-07-19 19:53:52,46.50326,29.8767,1,516ca96f-f0c1-4f54-84cb-16410ee6adb2
Brown Hare,CT48,Lepus europaeus,2025-07-11 02:28:59,2025-07-11 02:28:59,46.50836,29.87452,1,225af563-c85f-40bc-88ba-25a575296f89
Brown Hare,CT48,Lepus europaeus,2025-06-30 04:09:26,2025-06-30 04:05:08,46.50836,29.87452,1,a7478cd3-d959-4945-a483-2dd7b1a04137
Brown Hare,CT48,Lepus europaeus,2025-07-23 16:09:35,2025-07-23 16:09:35,46.50836,29.87452,1,0bbe1e72-4ba0-474a-b990-18eb6bf82dc5
Brown Hare,CT45,Lepus europaeus,2025-07-19 21:09:08,2025-07-19 21:08:56,46.50326,29.8767,1,97e06989-aa19-427b-9647-1f72a7c817e9
Brown Hare,CT45,Lepus europaeus,2025-07-21 18:06:57,2025-07-21 18:06:57,46.50326,29.8767,1,b248e74d-8e25-40ae-970f-d6b2ee1780f6
Brown Hare,CT48,Lepus europaeus,2025-08-06 20:28:04,2025-08-06 20:28:04,46.50836,29.87452,1,f432ea2f-9d4a-4ebe-b534-1753c58f9643
Brown Hare,CT48,Lepus europaeus,2025-08-11 20:24:14,2025-08-11 20:24:14,46.50836,29.87452,1,7281a28c-d88f-4463-a1f8-0a435d5ec043
Brown Hare,CT48,Lepus europaeus,2025-07-01 02:39:05,2025-07-01 02:38:54,46.50836,29.87452,1,c06e33b9-b4e9-43f6-997b-a8e032cbc824
Brown Hare,CT48,Lepus europaeus,2025-07-20 09:30:25,2025-07-20 09:30:14,46.50836,29.87452,1,7f6d7ea2-c5e3-49af-916a-bb85687d606e
Brown Hare,CT48,Lepus europaeus,2025-06-29 20:26:55,2025-06-29 20:26:44,46.50836,29.87452,1,bb6bc57c-a53a-4078-9da4-d0d60171eabd
Brown Hare,CT48,Lepus europaeus,2025-07-08 22:10:22,2025-07-08 22:10:22,46.50836,29.87452,1,f2b05598-4286-4a05-b93a-f7a5ab2215d0
Brown Hare,CT48,Lepus europaeus,2025-07-27 02:26:41,2025-07-27 02:26:41,46.50836,29.87452,1,5fc3d090-5d95-4b0d-a598-249e8750c847
Brown Hare,CT45,Lepus europaeus,2025-08-12 03:15:42,2025-08-12 03:15:42,46.50326,29.8767,1,c9ac216b-d8e1-4da2-b079-d22fdf7e46cf
Brown Hare,CT45,Lepus europaeus,2025-08-16 03:32:20,2025-08-16 03:32:08,46.50326,29.8767,1,200e282f-48e3-429d-abee-7451f422a36b
Brown Hare,CT41,Lepus europaeus,2025-06-30 16:06:28,2025-06-30 16:06:16,46.5229,29.87434,1,c34a562e-a9b0-4aeb-ad43-4232e6533355
Brown Hare,CT48,Lepus europaeus,2025-08-14 03:04:20,2025-08-14 03:04:09,46.50836,29.87452,1,6445c281-e9ce-4cd5-af25-fc7390e602fb
Brown Hare,CT45,Lepus europaeus,2025-07-20 21:24:25,2025-07-20 21:24:14,46.50326,29.8767,1,755d93bf-6f51-4873-99ea-d45b8cc42932
Brown Hare,CT45,Lepus europaeus,2025-07-27 00:23:21,2025-07-27 00:23:21,46.50326,29.8767,1,1aa1fdb9-2f4c-4f8d-9f1a-c3fd5eb870b3
Brown Hare,CT45,Lepus europaeus,2025-06-05 07:50:06,2025-06-05 07:50:06,46.50326,29.8767,1,ffdc6b25-5369-48d9-a4f9-5f664fa6db0a
Brown Hare,CT43,Lepus europaeus,2025-06-10 04:25:10,2025-06-10 04:25:10,46.51911,29.86366,1,fad4b48e-f1a8-42ab-a192-cc0208bb64b9
Brown Hare,CT48,Lepus europaeus,2025-05-30 15:14:32,2025-05-30 15:13:55,46.50836,29.87452,1,8ce60c8e-5175-40fd-8a99-d43393a8e2c9
Brown Hare,CT41,Lepus europaeus,2025-05-29 20:50:05,2025-05-29 20:50:05,46.5229,29.87434,1,43690765-6b07-4223-94fc-43e2ae374459
Brown Hare,CT48,Lepus europaeus,2025-06-13 18:02:10,2025-06-13 18:02:10,46.50836,29.87452,1,e9961efe-cf93-4cfd-8769-e67f972d7e82
Brown Hare,CT48,Lepus europaeus,2025-06-29 04:53:21,2025-06-29 04:53:21,46.50836,29.87452,1,d976b082-bd41-4e2e-9bd1-2a22e298a9a0
Brown Hare,CT43,Lepus europaeus,2025-06-04 04:19:46,2025-06-04 04:19:46,46.51911,29.86366,1,c42d1b88-09a1-4b75-bc1b-a5ccc179754d
Brown Hare,CT48,Lepus europaeus,2025-06-29 02:53:09,2025-06-29 02:53:09,46.50836,29.87452,1,0f8b2a00-0ae4-457d-b18a-82c09314f292
Brown Hare,CT45,Lepus europaeus,2025-06-06 04:14:22,2025-06-06 04:14:22,46.50326,29.8767,1,248b4ef9-2d83-40b7-87c8-a5a20a627bb4
Brown Hare,CT45,Lepus europaeus,2025-06-03 18:00:40,2025-06-03 18:00:40,46.50326,29.8767,1,75320c8b-a55a-4ad3-ace4-d1cb61fd0653
Brown Hare,CT43,Lepus europaeus,2025-06-08 01:31:45,2025-06-08 01:31:45,46.51911,29.86366,1,aef1a261-fa31-4334-a83c-c3e6af8e2c5b
Brown Hare,CT43,Lepus europaeus,2025-06-09 19:07:57,2025-06-09 19:07:29,46.51911,29.86366,1,9ebd99bb-4c6e-45b3-be6a-ba9fd70095b5
Brown Hare,CT45,Lepus europaeus,2025-05-31 06:01:00,2025-05-31 06:01:00,46.50326,29.8767,1,ca765e4b-0f3d-45aa-916c-a8a3d19efe75
Brown Hare,CT48,Lepus europaeus,2025-06-12 13:23:19,2025-06-12 13:23:19,46.50836,29.87452,1,59e070ad-caf6-4af0-95bc-9248d1a0c065
Brown Hare,CT48,Lepus europaeus,2025-06-25 03:37:47,2025-06-25 03:37:47,46.50836,29.87452,1,b0043fb2-1473-4fcb-ae0e-13fb4f36567b
Brown Hare,CT48,Lepus europaeus,2025-05-30 17:14:33,2025-05-30 17:14:33,46.50836,29.87452,1,bfd37964-c677-4eef-a6fd-acb0f8474d86
Brown Hare,CT48,Lepus europaeus,2025-06-13 20:02:21,2025-06-13 20:02:21,46.50836,29.87452,1,77597d69-cc90-473c-b4e6-5c36ac044dd4
Brown Hare,CT45,Lepus europaeus,2025-06-06 16:27:39,2025-06-06 16:27:39,46.50326,29.8767,1,05272e86-11d2-4544-b89e-5b60be929a8c
Brown Hare,CT43,Lepus europaeus,2025-06-10 03:43:10,2025-06-10 03:43:10,46.51911,29.86366,1,70038480-4e42-448c-8559-2baaea4352a7
Brown Hare,CT41,Lepus europaeus,2025-05-29 16:50:05,2025-05-29 16:49:54,46.5229,29.87434,1,d952c0f9-71d2-430d-ae09-8e31d1f2cd2a
Brown Hare,CT45,Lepus europaeus,2025-06-03 20:00:52,2025-06-03 20:00:52,46.50326,29.8767,1,9a9dfaee-8b88-4581-8469-8820610edc66
Brown Hare,CT45,Lepus europaeus,2025-06-04 05:51:42,2025-06-04 05:51:42,46.50326,29.8767,1,851e9252-5d38-4374-8fcc-cecf5af64d58
Brown Hare,CT45,Lepus europaeus,2025-06-04 06:10:17,2025-06-04 06:10:17,46.50326,29.8767,1,cc20e267-e910-4621-b87f-9bb06d14e461
Brown Hare,CT43,Lepus europaeus,2025-06-12 21:43:35,2025-06-12 21:43:35,46.51911,29.86366,1,e71915ab-3e2a-4016-b36b-0fea2b949fd6
Brown Hare,CT43,Lepus europaeus,2025-06-06 05:45:37,2025-06-06 05:45:37,46.51911,29.86366,1,e5765326-6f80-4cc8-93c3-26753c818b7d
Brown Hare,CT43,Lepus europaeus,2025-06-07 23:31:33,2025-06-07 23:31:33,46.51911,29.86366,1,278afef8-7ba7-4194-b01b-07c256181a45
Brown Hare,CT48,Lepus europaeus,2025-05-30 17:14:06,2025-05-30 17:14:06,46.50836,29.87452,1,35ce2b14-b0c4-4e58-91ba-fbf30327d8f9
Brown Hare,CT43,Lepus europaeus,2025-06-06 03:45:26,2025-06-06 03:45:26,46.51911,29.86366,1,b9cc35ea-fd7f-409e-ae6e-9b80611d5d2f
Brown Hare,CT48,Lepus europaeus,2025-06-21 06:25:08,2025-06-21 06:25:08,46.50836,29.87452,1,650352a1-08cc-4c0f-a56f-7245d8760a0b
Brown Hare,CT43,Lepus europaeus,2025-06-17 02:13:56,2025-06-17 02:13:56,46.51911,29.86366,1,ba7fe8f2-9d82-4cc6-a352-44f1d96943f6
Brown Hare,CT43,Lepus europaeus,2025-06-10 02:24:59,2025-06-10 02:24:59,46.51911,29.86366,1,0ec46321-f37b-468e-89fb-8136ec77a8e7
Brown Hare,CT45,Lepus europaeus,2025-06-05 09:50:18,2025-06-05 09:50:18,46.50326,29.8767,1,fd30f9d2-f52d-4921-afed-b3116047a9ba
Brown Hare,CT48,Lepus europaeus,2025-06-21 04:24:57,2025-06-21 04:24:57,46.50836,29.87452,1,117cfe1b-5f55-47f2-ab03-39a98f486d50
Brown Hare,CT43,Lepus europaeus,2025-06-04 02:02:10,2025-06-04 02:02:10,46.51911,29.86366,1,f64c992d-615d-41c6-99df-0533f0af3f03
Brown Hare,CT43,Lepus europaeus,2025-06-07 00:50:11,2025-06-07 00:50:11,46.51911,29.86366,1,d87dc4a7-9908-40c7-9f6b-18431f99a548
Brown Hare,CT43,Lepus europaeus,2025-06-16 19:53:58,2025-06-16 19:53:58,46.51911,29.86366,1,d568363a-fad7-4932-86b3-cca4a15f9fe2
Brown Hare,CT45,Lepus europaeus,2025-06-04 22:15:21,2025-06-04 22:15:21,46.50326,29.8767,1,1834a5b7-b38f-43f3-8a40-25884eac5954
Brown Hare,CT48,Lepus europaeus,2025-06-16 01:33:31,2025-06-16 01:33:31,46.50836,29.87452,1,9f350a7e-e593-43a1-b5aa-180d6665d0b1
Brown Hare,CT48,Lepus europaeus,2025-06-25 05:37:58,2025-06-25 05:37:58,46.50836,29.87452,1,664d4ac0-14df-4f68-befb-8a439c415115
Brown Hare,CT48,Lepus europaeus,2025-06-01 18:58:46,2025-06-01 18:58:46,46.50836,29.87452,1,72c982b9-b0b8-42c1-8e31-781fd5b2d2e8
Brown Hare,CT43,Lepus europaeus,2025-06-18 22:08:24,2025-06-18 22:08:24,46.51911,29.86366,1,3ebbc97a-13e4-4bfd-a4d1-be58754891ff
Brown Hare,CT45,Lepus europaeus,2025-06-04 03:51:30,2025-06-04 03:51:30,46.50326,29.8767,1,6b5bf754-0c00-451f-8d2c-a606e008caa2
Brown Hare,CT43,Lepus europaeus,2025-06-16 21:54:09,2025-06-16 21:54:09,46.51911,29.86366,1,98d97e6e-8448-4b61-a8bf-c0c60439687f
Brown Hare,CT43,Lepus europaeus,2025-06-09 17:07:45,2025-06-09 17:07:18,46.51911,29.86366,1,8f2d6ee3-7603-4e25-8cc7-2452d7c40b2e
Brown Hare,CT45,Lepus europaeus,2025-06-05 06:23:33,2025-06-05 06:23:33,46.50326,29.8767,1,1b6a6e11-92a7-466e-b264-14a46663a456
Brown Hare,CT48,Lepus europaeus,2025-06-01 16:58:35,2025-06-01 16:58:35,46.50836,29.87452,1,2fcbbb54-d848-4e8b-831b-f3b3493b9985
Brown Hare,CT43,Lepus europaeus,2025-06-12 23:43:46,2025-06-12 23:43:46,46.51911,29.86366,1,22ab4f7b-a6ea-4fc5-98e0-4b63b4eead37
Brown Hare,CT48,Lepus europaeus,2025-06-12 15:23:30,2025-06-12 15:23:30,46.50836,29.87452,1,ff7d742b-3503-49a6-96d4-f1b85570937a
Brown Hare,CT45,Lepus europaeus,2025-06-06 23:59:58,2025-06-06 23:59:58,46.50326,29.8767,1,0f26216f-da54-4491-932a-a97656e36ee9
Brown Hare,CT43,Lepus europaeus,2025-06-17 19:48:38,2025-06-17 19:48:38,46.51911,29.86366,1,968af684-7c0d-49ef-a8b2-a6dfe034970f
European Pine Marten,CT49,Martes martes,2025-06-10 20:15:38,2025-06-10 20:15:38,46.51642,29.87586,1,12813765-bd50-4284-a811-4dfcd3c6fed1
European Pine Marten,CT49,Martes martes,2025-06-10 22:15:49,2025-06-10 22:15:49,46.51642,29.87586,1,ac7daf90-d17f-44b4-8f9b-c495c953db30
European Pine Marten,CT49,Martes martes,2025-06-08 21:42:54,2025-06-08 21:42:54,46.51642,29.87586,1,baf0b612-1894-4b5a-b3fc-66032c0fe919
European Pine Marten,CT49,Martes martes,2025-06-03 22:46:20,2025-06-03 22:46:20,46.51642,29.87586,1,d20c2418-1eb2-425e-8b31-8715ee656c9a
European Pine Marten,CT49,Martes martes,2025-06-03 20:46:08,2025-06-03 20:46:08,46.51642,29.87586,1,49f47649-5225-4e53-bc52-bc023e3e5665
Great Tit,CT47,Parus major,2025-08-03 05:48:43,2025-08-03 05:48:43,46.53061,29.87206,1,76022b76-f666-4796-8325-39406d407466
Great Tit,CT47,Parus major,2025-06-22 14:12:13,2025-06-22 14:12:13,46.53061,29.87206,1,f2724174-bc78-46a5-bf68-bf4c792aeebd
Great Tit,CT47,Parus major,2025-06-05 05:23:18,2025-06-05 05:23:18,46.53061,29.87206,1,33ef2778-66dc-4a2c-aca5-4e571e0ea7f5
Great Tit,CT47,Parus major,2025-06-22 16:12:24,2025-06-22 16:12:24,46.53061,29.87206,1,86455bad-465c-4642-8452-b25cb1add932
Great Tit,CT47,Parus major,2025-06-24 05:30:45,2025-06-24 05:30:45,46.53061,29.87206,1,12acf619-28fb-43ef-b611-fd0a69d67f2f
Great Tit,CT47,Parus major,2025-06-24 03:30:34,2025-06-24 03:30:34,46.53061,29.87206,1,a399153c-10d8-4a95-8aa5-f5b214397055
Red fox,CT48,Vulpes vulpes,2025-07-29 02:43:26,2025-07-29 02:42:36,46.50836,29.87452,1,ed8bead4-0d5f-4acb-8d25-8713a1337511
Red fox,CT48,Vulpes vulpes,2025-07-20 04:27:35,2025-07-20 04:27:24,46.50836,29.87452,1,bda81915-2c14-474c-a1b1-b0b1a96e2b1f
Red fox,CT48,Vulpes vulpes,2025-07-24 02:15:46,2025-07-24 02:15:34,46.50836,29.87452,1,d2d00ecc-c8a0-4056-9c89-7d6427fbb416
Red fox,CT48,Vulpes vulpes,2025-07-05 00:26:34,2025-07-05 00:26:22,46.50836,29.87452,1,8bf708d7-ac8e-44f0-adad-10f67126ac42
Red fox,CT48,Vulpes vulpes,2025-07-21 01:19:50,2025-07-21 01:19:39,46.50836,29.87452,1,a3f2c953-88d6-4926-821b-73251c3e4ad5
Red fox,CT45,Vulpes vulpes,2025-07-31 18:31:40,2025-07-31 18:31:40,46.50326,29.8767,1,e83dd8cc-7e4b-4de9-845b-31c575bd56a0
Red fox,CT48,Vulpes vulpes,2025-07-16 20:19:56,2025-07-16 20:19:56,46.50836,29.87452,1,ac5a9115-e2d9-4066-b4be-1d26fff49858
Red fox,CT48,Vulpes vulpes,2025-07-26 01:03:41,2025-07-26 01:03:29,46.50836,29.87452,1,501983a7-c895-4e41-be22-34ca14f2a39d
Red fox,CT48,Vulpes vulpes,2025-07-25 20:59:22,2025-07-25 20:59:11,46.50836,29.87452,1,a695d5f8-603f-48fc-a046-88f2c2e7fcc9
Red fox,CT48,Vulpes vulpes,2025-08-01 03:25:42,2025-08-01 03:25:31,46.50836,29.87452,1,0eac53f0-cb5d-4d78-a1c2-680c3f876d40
Red fox,CT48,Vulpes vulpes,2025-07-11 02:11:19,2025-07-11 02:11:08,46.50836,29.87452,1,6d5be34f-76c2-47bf-b06a-2f7243c34f5c
Red fox,CT48,Vulpes vulpes,2025-07-14 00:39:57,2025-07-14 00:39:46,46.50836,29.87452,1,ec6d17ec-842f-4137-8d80-6ada34d2f002
Red fox,CT48,Vulpes vulpes,2025-07-30 01:11:01,2025-07-30 01:10:50,46.50836,29.87452,1,642a4990-95a5-4d86-9bf7-d9a5adefa824
Red fox,CT45,Vulpes vulpes,2025-07-21 19:17:28,2025-07-21 19:17:16,46.50326,29.8767,1,c1d2ff42-f29d-4a99-ab9e-314567d9b33c
Red fox,CT48,Vulpes vulpes,2025-07-01 01:55:19,2025-07-01 01:55:08,46.50836,29.87452,1,b9e6dd82-0952-49a7-b0f9-0c8502aa02a6
Red fox,CT48,Vulpes vulpes,2025-07-06 23:24:08,2025-07-06 23:23:13,46.50836,29.87452,1,34a4c804-329e-483a-8d77-646c08f632a2
Red fox,CT48,Vulpes vulpes,2025-07-12 01:59:17,2025-07-12 01:59:06,46.50836,29.87452,1,f6964ff6-7f5c-4417-8c52-1c3713af2a72
Red fox,CT48,Vulpes vulpes,2025-07-21 02:13:47,2025-07-21 02:13:36,46.50836,29.87452,1,ea960621-a69a-48b6-98c3-322a9f08dcfd
Red fox,CT48,Vulpes vulpes,2025-07-19 20:17:51,2025-07-19 20:17:40,46.50836,29.87452,1,7544bc13-b4c6-4385-891a-49c168562f85
Red fox,CT48,Vulpes vulpes,2025-07-22 02:34:50,2025-07-22 02:34:39,46.50836,29.87452,1,ab0fb1f1-be2e-4aeb-87d0-0bf3cbea73f2
Red fox,CT48,Vulpes vulpes,2025-07-19 22:25:54,2025-07-19 22:25:43,46.50836,29.87452,1,1bf8e66c-7bcf-4569-af94-7b683f201e8b
Red fox,CT48,Vulpes vulpes,2025-07-10 00:53:04,2025-07-10 00:50:39,46.50836,29.87452,1,a0de7fa9-f44c-418e-b8f0-cbc028096637
Red fox,CT48,Vulpes vulpes,2025-07-16 19:44:49,2025-07-16 19:44:49,46.50836,29.87452,1,3712f000-ab1e-4b1f-a016-ac230e916ff6
Red fox,CT48,Vulpes vulpes,2025-07-14 19:18:31,2025-07-14 19:18:20,46.50836,29.87452,1,91396d06-dc49-4685-a119-cf6d6e48ce72
Red fox,CT48,Vulpes vulpes,2025-07-25 01:37:53,2025-07-25 01:37:42,46.50836,29.87452,1,8ef698e0-2616-4c67-977c-695c2ad5ad67
Red fox,CT48,Vulpes vulpes,2025-07-14 03:18:13,2025-07-14 03:18:01,46.50836,29.87452,1,919eafe4-b5c0-4343-9465-05379ec65d8a
Red fox,CT45,Vulpes vulpes,2025-07-30 14:49:22,2025-07-30 14:49:11,46.50326,29.8767,1,e2ff9b7c-b5d2-4817-82ee-739972853414
Red fox,CT48,Vulpes vulpes,2025-07-03 02:05:38,2025-07-03 02:02:33,46.50836,29.87452,1,af09a470-a670-4bcd-82a2-ce47c6ccd90b
Red fox,CT47,Vulpes vulpes,2025-08-08 22:23:48,2025-08-08 22:23:48,46.53061,29.87206,1,5ebc4251-aa97-46d7-b331-1a65093c1164
Red fox,CT48,Vulpes vulpes,2025-07-16 01:02:42,2025-07-16 01:02:31,46.50836,29.87452,1,041f6caa-03df-4811-94a2-e5e2793baff6
Red fox,CT45,Vulpes vulpes,2025-08-03 01:57:39,2025-08-03 01:57:39,46.50326,29.8767,1,a34b6f75-bac2-4c4d-abab-01ad4d4401d2
Red fox,CT45,Vulpes vulpes,2025-08-15 18:10:24,2025-08-15 18:10:24,46.50326,29.8767,1,e15bb726-e9c1-4b90-9bf1-995919afd69f
Red fox,CT48,Vulpes vulpes,2025-07-26 01:18:30,2025-07-26 01:18:19,46.50836,29.87452,1,b839fafc-fa5b-47b5-9585-6cbeb575bebc
Red fox,CT48,Vulpes vulpes,2025-07-10 02:32:21,2025-07-10 02:32:10,46.50836,29.87452,1,2cdad297-b878-4492-99c6-1bd8eefba369
Red fox,CT48,Vulpes vulpes,2025-07-23 20:23:18,2025-07-23 20:23:06,46.50836,29.87452,1,23fdb308-ec22-47f5-96a7-014ba90c262d
Red fox,CT48,Vulpes vulpes,2025-07-18 21:04:37,2025-07-18 21:04:26,46.50836,29.87452,1,6a3921b4-34e8-41e9-a6ed-b7f91266be88
Red fox,CT48,Vulpes vulpes,2025-07-11 19:50:17,2025-07-11 19:50:06,46.50836,29.87452,1,42b1bc21-2783-46eb-849c-ab7fb549c8ca
Red fox,CT45,Vulpes vulpes,2025-08-11 22:26:52,2025-08-11 22:26:41,46.50326,29.8767,1,77136e97-4fa5-4be0-928f-e704ebaa2dc6
Red fox,CT48,Vulpes vulpes,2025-07-12 23:12:37,2025-07-12 23:12:26,46.50836,29.87452,1,b64fa7c7-0145-4e7b-aac1-ad7cd60390b7
Red fox,CT48,Vulpes vulpes,2025-07-20 21:22:52,2025-07-20 21:22:41,46.50836,29.87452,1,ac4058ff-c189-43d0-a401-881ed38b04e8
Red fox,CT45,Vulpes vulpes,2025-08-10 17:40:10,2025-08-10 17:39:59,46.50326,29.8767,1,c7e35427-3994-466d-afbc-70edaa286467
Red fox,CT48,Vulpes vulpes,2025-07-24 00:55:11,2025-07-24 00:55:00,46.50836,29.87452,1,a89e909e-eb43-434c-82b5-20190ef73390
Red fox,CT48,Vulpes vulpes,2025-05-29 13:27:36,2025-05-29 13:27:36,46.50836,29.87452,1,c3af5acb-cc01-49e2-9e58-59895bcef007
Red fox,CT49,Vulpes vulpes,2025-05-31 17:54:30,2025-05-31 17:54:10,46.51642,29.87586,1,2f7a930a-d693-4546-895d-29fa41f92552
Red fox,CT48,Vulpes vulpes,2025-06-01 03:00:33,2025-06-01 03:00:33,46.50836,29.87452,1,f5ef1ae2-7a90-497e-97f5-fd2c843a9ccb
Red fox,CT48,Vulpes vulpes,2025-06-01 02:57:31,2025-06-01 02:54:51,46.50836,29.87452,1,f5346a3c-448e-4cf6-a762-e065a7a70b1c
Red fox,CT48,Vulpes vulpes,2025-06-01 18:59:41,2025-06-01 18:59:41,46.50836,29.87452,1,77f88d96-2cee-4171-a9be-1ac0a297e3d6
Red fox,CT48,Vulpes vulpes,2025-06-02 17:06:35,2025-06-02 17:05:09,46.50836,29.87452,1,ce925369-bffb-4f7a-b4de-460b0ead52db
Red fox,CT48,Vulpes vulpes,2025-06-02 03:13:09,2025-06-02 03:13:09,46.50836,29.87452,1,8f1a5f65-ef62-4775-8268-f757af22a1c1
Red fox,CT41,Vulpes vulpes,2025-06-01 19:01:57,2025-06-01 19:01:57,46.5229,29.87434,1,c6410a08-f51e-4916-ae6f-ea64f2105c5e
Red fox,CT48,Vulpes vulpes,2025-06-01 00:57:39,2025-06-01 00:54:21,46.50836,29.87452,1,d70a9744-c960-4141-973b-3add5e3fbf7c
Red fox,CT48,Vulpes vulpes,2025-06-11 23:39:16,2025-06-11 23:39:16,46.50836,29.87452,1,4a9110b1-82f3-48e9-9e51-4ad490a7f35d
Red fox,CT48,Vulpes vulpes,2025-06-01 14:06:05,2025-06-01 14:06:05,46.50836,29.87452,1,f0331f42-efc0-404c-8701-49e8fc76847e
Red fox,CT48,Vulpes vulpes,2025-06-01 02:54:01,2025-06-01 02:54:01,46.50836,29.87452,1,3f1352a1-4895-4445-bc60-e64ec157e487
Red fox,CT48,Vulpes vulpes,2025-06-25 21:47:31,2025-06-25 21:47:12,46.50836,29.87452,1,c7cc75d5-fc8c-4bda-a413-7c16c0cc2832
Red fox,CT45,Vulpes vulpes,2025-06-04 18:28:00,2025-06-04 18:28:00,46.50326,29.8767,1,bde561b5-9da6-403e-81ce-ce81b350aa49
Red fox,CT48,Vulpes vulpes,2025-06-13 21:35:35,2025-06-13 21:35:35,46.50836,29.87452,1,030db3d8-f114-4864-bb2d-0129f8a16e7c
Red fox,CT48,Vulpes vulpes,2025-06-04 01:05:32,2025-06-04 01:05:32,46.50836,29.87452,1,281d6104-7410-4958-b263-6c951b9e32d0
Red fox,CT48,Vulpes vulpes,2025-06-03 17:09:11,2025-06-03 17:09:11,46.50836,29.87452,1,25b850b0-112c-4625-9845-6f4f0f81717f
Red fox,CT48,Vulpes vulpes,2025-06-25 23:47:43,2025-06-25 23:47:24,46.50836,29.87452,1,5dfb29fc-c90b-4fd0-80e2-2f0f2f455abb
Red fox,CT48,Vulpes vulpes,2025-06-01 10:34:49,2025-06-01 10:34:49,46.50836,29.87452,1,ce3f9c6b-98be-4193-a8a8-b72aadb5e385
Red fox,CT48,Vulpes vulpes,2025-06-04 03:05:43,2025-06-04 03:05:43,46.50836,29.87452,1,a23fb74f-51c4-487b-989f-11069d1e607e
Red fox,CT48,Vulpes vulpes,2025-05-29 15:27:47,2025-05-29 15:27:47,46.50836,29.87452,1,86912e55-354b-4c6f-a42d-80a3f3488447
Red fox,CT48,Vulpes vulpes,2025-06-03 19:09:22,2025-06-03 19:09:22,46.50836,29.87452,1,b677dd64-35f8-418a-9366-4ff0abb96dea
Red fox,CT48,Vulpes vulpes,2025-06-01 01:00:22,2025-06-01 01:00:22,46.50836,29.87452,1,9ab3b0d5-73d1-45a3-a04e-9e2d37e3dd11
Red fox,CT48,Vulpes vulpes,2025-06-01 00:12:01,2025-06-01 00:12:01,46.50836,29.87452,1,95429efd-51ac-49f7-ba71-06a2ffa3fcb9
Red fox,CT48,Vulpes vulpes,2025-06-02 15:04:57,2025-06-02 15:04:57,46.50836,29.87452,1,d53eb9fb-6b72-4dd0-83b4-c45cb88669a5
Red fox,CT48,Vulpes vulpes,2025-06-01 12:35:00,2025-06-01 12:35:00,46.50836,29.87452,1,72e0ac69-cb0a-4dc3-a3fe-1fa7de04faf7
Red fox,CT48,Vulpes vulpes,2025-06-01 16:06:16,2025-06-01 16:06:16,46.50836,29.87452,1,5bdf1144-dbfe-40be-b2ed-d35e4888a710
Red fox,CT48,Vulpes vulpes,2025-06-11 21:39:05,2025-06-11 21:39:05,46.50836,29.87452,1,c6a2d878-a77d-4709-9072-754e27eae05a
Red fox,CT49,Vulpes vulpes,2025-05-31 15:54:19,2025-05-31 15:53:59,46.51642,29.87586,1,ef2e8ca8-2994-428f-878e-ef1912d99f71
Red fox,CT41,Vulpes vulpes,2025-06-01 15:01:57,2025-06-01 15:01:45,46.5229,29.87434,1,d2384206-8611-4c04-a2d5-4c98b6ad40d0
Red fox,CT48,Vulpes vulpes,2025-05-29 19:42:48,2025-05-29 19:42:48,46.50836,29.87452,1,b57332fa-0a0a-4fde-ae8c-308d73c00931
Red fox,CT48,Vulpes vulpes,2025-05-29 21:43:19,2025-05-29 21:42:59,46.50836,29.87452,1,8e97743d-5c0c-4257-93f7-4a4db18fcadf
Red fox,CT48,Vulpes vulpes,2025-06-02 05:13:20,2025-06-02 05:13:20,46.50836,29.87452,1,482c3fa3-bde7-4091-bda1-069756978b99
Red fox,CT48,Vulpes vulpes,2025-06-01 20:59:52,2025-06-01 20:59:52,46.50836,29.87452,1,8b745223-369c-400c-a53d-ad5efcc8322e
European Robin,CT43,Erithacus rubecula,2025-06-20 09:50:56,2025-06-20 09:50:56,46.51911,29.86366,1,5d7e6260-a960-4a31-b4b3-7e3059551b3f
Eurasian Wild Pig,CT48,Sus scrofa,2025-06-05 19:18:03,2025-06-05 19:18:03,46.50836,29.87452,2,8bab253b-0d18-4c87-a6fe-cbff91a45700
Eurasian Wild Pig,CT49,Sus scrofa,2025-06-20 19:34:19,2025-06-20 19:34:19,46.51642,29.87586,1,8c15c731-fe3b-4753-ad1e-fb3448b7be87
Eurasian Wild Pig,CT49,Sus scrofa,2025-06-19 02:09:49,2025-06-19 02:09:49,46.51642,29.87586,1,684ab0dc-198a-4180-9fc7-39b34e003a59
Eurasian Wild Pig,CT49,Sus scrofa,2025-06-23 21:21:05,2025-06-23 21:21:05,46.51642,29.87586,1,b06b1e63-938d-46b6-a8e4-cac6a0389cbc
Eurasian Wild Pig,CT49,Sus scrofa,2025-06-20 23:45:05,2025-06-20 23:44:45,46.51642,29.87586,1,a8e4bdea-dd50-44c7-a0cb-2d96a566b1ba
Eurasian Wild Pig,CT49,Sus scrofa,2025-06-20 21:34:30,2025-06-20 21:34:30,46.51642,29.87586,1,a672aa44-799e-408f-8db7-7d942f9bcc4f
Eurasian Wild Pig,CT49,Sus scrofa,2025-06-23 22:18:40,2025-06-23 22:18:40,46.51642,29.87586,1,eab07ea9-4a2c-42ea-bce8-4e44edc3efd6
Eurasian Wild Pig,CT49,Sus scrofa,2025-06-14 00:44:51,2025-06-14 00:44:31,46.51642,29.87586,1,ef9a0bb3-96db-4446-b41e-e06ae7974c3f
Eurasian Wild Pig,CT48,Sus scrofa,2025-06-05 20:27:51,2025-06-05 20:27:51,46.50836,29.87452,1,fcabd096-4c72-46e3-b886-e210a594d184
Eurasian Wild Pig,CT49,Sus scrofa,2025-06-26 22:50:20,2025-06-26 22:49:52,46.51642,29.87586,1,c628e759-4ce5-4b1b-8b7e-8e5d4d6a95a7
Eurasian Wild Pig,CT49,Sus scrofa,2025-06-21 01:45:16,2025-06-21 01:44:56,46.51642,29.87586,1,31e87ca8-7d87-4ee3-9340-324c24f294ff
Eurasian Wild Pig,CT49,Sus scrofa,2025-06-26 20:50:09,2025-06-26 20:50:09,46.51642,29.87586,1,8e3c41fa-1ed3-47c8-b5db-fbbdc34dd22c
Eurasian Wild Pig,CT49,Sus scrofa,2025-06-13 22:24:22,2025-06-13 22:23:41,46.51642,29.87586,1,0008ffc6-51a0-42a4-acc6-4c75256b8989
Eurasian Wild Pig,CT49,Sus scrofa,2025-06-19 01:44:16,2025-06-19 01:43:57,46.51642,29.87586,2,5a86c6b8-9922-4a94-9fc4-3085a619e23f
Eurasian Wild Pig,CT48,Sus scrofa,2025-06-01 20:16:12,2025-06-01 20:12:50,46.50836,29.87452,1,f22a1f96-e9c9-483b-8015-2a7317d01673
Eurasian Wild Pig,CT49,Sus scrofa,2025-06-19 03:44:08,2025-06-19 03:44:08,46.51642,29.87586,1,1e942781-0674-4bf4-9b58-eb2df1fcf2a2
Eurasian Wild Pig,CT49,Sus scrofa,2025-06-23 00:16:31,2025-06-23 00:16:31,46.51642,29.87586,1,efe000d7-3cb0-4ff0-a587-470e9ac9a6a4
Eurasian Wild Pig,CT49,Sus scrofa,2025-06-27 01:33:13,2025-06-27 01:33:13,46.51642,29.87586,1,63b53875-bca6-41fd-8246-d0d576205235
Eurasian Wild Pig,CT49,Sus scrofa,2025-06-25 22:57:36,2025-06-25 22:57:36,46.51642,29.87586,1,442ae413-9f27-4cba-b28f-a2d57978fdb9
Eurasian Wild Pig,CT49,Sus scrofa,2025-06-23 23:11:39,2025-06-23 23:11:20,46.51642,29.87586,1,30812b59-44d6-47b1-b72f-2787cc7ecd4b
Eurasian Wild Pig,CT49,Sus scrofa,2025-06-20 00:33:42,2025-06-20 00:33:42,46.51642,29.87586,1,e969f1e9-5425-465c-82ba-ed07471b8a02
Eurasian Wild Pig,CT49,Sus scrofa,2025-06-19 22:33:31,2025-06-19 22:33:31,46.51642,29.87586,1,a0080c53-bd2a-4daf-96cc-ed2a39caea93
Eurasian Wild Pig,CT49,Sus scrofa,2025-06-14 00:24:34,2025-06-14 00:23:52,46.51642,29.87586,1,b0ccbbb8-ef64-403c-994b-f286ede3bf52
Eurasian Wild Pig,CT49,Sus scrofa,2025-06-23 02:16:42,2025-06-23 02:16:42,46.51642,29.87586,1,83b94748-2187-4de5-9edb-a251ef3e0720
Eurasian Wild Pig,CT48,Sus scrofa,2025-06-05 21:18:14,2025-06-05 21:18:14,46.50836,29.87452,1,d77f2708-09f1-42af-84b9-a96a5a65815d
Eurasian Wild Pig,CT49,Sus scrofa,2025-06-13 22:44:40,2025-06-13 22:44:20,46.51642,29.87586,4,c85d7bd7-ffc4-4248-a53b-ed3a99e1f06c
Eurasian Wild Pig,CT49,Sus scrofa,2025-06-23 21:11:27,2025-06-23 21:11:08,46.51642,29.87586,1,f06e0f88-20e8-4020-ac4f-f1202bc1b884
Eurasian Wild Pig,CT49,Sus scrofa,2025-06-25 20:57:24,2025-06-25 20:57:24,46.51642,29.87586,1,c66e6f87-0476-4c42-a0c4-7d8915f8d537
Eurasian Wild Pig,CT49,Sus scrofa,2025-06-23 20:18:29,2025-06-23 20:18:29,46.51642,29.87586,1,6f5cf20d-dbe1-4797-b73c-14312dd782fa
Eurasian Wild Pig,CT49,Sus scrofa,2025-06-19 04:10:01,2025-06-19 04:10:01,46.51642,29.87586,1,0e6441f7-bdfc-486c-85f5-6de7875d352d
Eurasian Wild Pig,CT48,Sus scrofa,2025-06-01 22:16:24,2025-06-01 22:13:01,46.50836,29.87452,1,d1307f3a-b0f0-4022-bdf7-649a224cde49
Horse,CT48,Equus caballus,2025-07-29 08:38:16,2025-07-29 08:36:51,46.50836,29.87452,1,3c701ac2-3cb7-4b9e-b2f8-ef666b744fa2
Horse,CT48,Equus caballus,2025-07-30 06:46:09,2025-07-30 06:45:58,46.50836,29.87452,1,de72b017-4534-4837-a24f-49a09d0cf50c
Golden jackal,CT48,Canis aureus,2025-07-17 21:35:47,2025-07-17 21:35:36,46.50836,29.87452,1,567241ff-753c-4969-86c8-a93991fe7a91
Golden jackal,CT48,Canis aureus,2025-07-25 23:07:24,2025-07-25 23:07:24,46.50836,29.87452,1,7cdbf77c-e506-4a0d-96c8-ad4e00914fc5
Golden jackal,CT44,Canis aureus,2025-07-04 05:56:51,2025-07-04 05:56:40,46.53128,29.86926,1,5b982f65-d7ba-4934-becf-f284b11127e0
Golden jackal,CT48,Canis aureus,2025-07-24 01:31:56,2025-07-24 01:31:45,46.50836,29.87452,1,30e97fa9-3379-4525-a984-4d59045674a9
Golden jackal,CT48,Canis aureus,2025-07-28 22:49:24,2025-07-28 22:49:13,46.50836,29.87452,1,55b349ad-9b2c-4e60-8b12-43d4a317e339
Golden jackal,CT48,Canis aureus,2025-07-24 01:08:42,2025-07-24 01:08:31,46.50836,29.87452,1,20054ac7-b1ab-4455-8609-2d5595225cf9
Golden jackal,CT44,Canis aureus,2025-06-15 07:40:13,2025-06-15 07:40:13,46.53128,29.86926,1,5b7ab436-5d70-4cd6-913e-c7cba42ba71c
Golden jackal,CT49,Canis aureus,2025-06-24 04:04:04,2025-06-24 04:04:04,46.51642,29.87586,1,1f06ff6e-9cb5-447f-aad9-3ffff56794e2
Golden jackal,CT48,Canis aureus,2025-06-11 00:54:15,2025-06-11 00:54:15,46.50836,29.87452,1,b282f403-0fe4-44e1-a9d2-81f1aabafab9
Golden jackal,CT44,Canis aureus,2025-06-04 09:41:26,2025-06-04 09:41:26,46.53128,29.86926,1,557edbe7-d17c-4ceb-a575-c86a8aa3af62
Golden jackal,CT48,Canis aureus,2025-06-25 20:11:02,2025-06-25 20:11:02,46.50836,29.87452,1,7e28d50d-d1bd-4b81-9c85-891a30b66fda
Golden jackal,CT45,Canis aureus,2025-06-03 04:39:20,2025-06-03 04:39:20,46.50326,29.8767,1,8a76ff8f-381a-4756-8467-6e5a79f457ce
Golden jackal,CT49,Canis aureus,2025-06-08 05:03:50,2025-06-08 05:03:50,46.51642,29.87586,1,88955125-3f4a-4961-a767-284e9d4a38eb
Golden jackal,CT49,Canis aureus,2025-06-12 02:29:34,2025-06-12 02:29:34,46.51642,29.87586,1,3be36393-f822-48e4-84d4-2c6d64beb847
Golden jackal,CT49,Canis aureus,2025-06-12 10:52:36,2025-06-12 10:52:36,46.51642,29.87586,1,98a0af30-631c-46e5-af5d-5bacbd08aee8
Golden jackal,CT49,Canis aureus,2025-06-12 12:52:47,2025-06-12 12:52:47,46.51642,29.87586,1,117dff89-86fc-48b9-b279-3a9cb8c30c46
Golden jackal,CT49,Canis aureus,2025-06-24 06:04:16,2025-06-24 06:04:16,46.51642,29.87586,1,8fbbee41-7033-47f0-84ab-e646779d6e77
Golden jackal,CT49,Canis aureus,2025-06-08 03:03:38,2025-06-08 03:03:38,46.51642,29.87586,1,f1e23ae6-b887-448a-b08e-bdc9e208d280
Golden jackal,CT48,Canis aureus,2025-06-11 02:45:15,2025-06-11 02:44:36,46.50836,29.87452,2,b416ff9e-3f7e-4b7f-b5b7-a20704704b4b
Golden jackal,CT43,Canis aureus,2025-05-31 23:15:13,2025-05-31 23:15:13,46.51911,29.86366,1,3e804fbb-c1b3-4b76-87b3-e41966bd24c9
Golden jackal,CT44,Canis aureus,2025-06-12 07:47:26,2025-06-12 07:47:26,46.53128,29.86926,1,70b121d3-6fcf-4b86-8f6b-33ca7179bc4a
Golden jackal,CT49,Canis aureus,2025-06-20 20:45:25,2025-06-20 20:45:25,46.51642,29.87586,1,ac9e7c25-8a4b-4a60-967c-b96eb237d820
Golden jackal,CT44,Canis aureus,2025-06-04 07:41:15,2025-06-04 07:41:15,46.53128,29.86926,1,8ccbdcb2-2489-4241-aadf-6ae59c851821
Golden jackal,CT44,Canis aureus,2025-06-15 09:40:25,2025-06-15 09:40:25,46.53128,29.86926,1,98566607-b1a8-4df3-a97d-f09b649ae58e
Golden jackal,CT44,Canis aureus,2025-06-10 07:46:45,2025-06-10 07:46:45,46.53128,29.86926,1,177ec50e-9213-447b-b5e2-fc9b3a043d32
Golden jackal,CT48,Canis aureus,2025-06-23 21:31:56,2025-06-23 21:31:56,46.50836,29.87452,1,0ba183aa-c33f-41a8-a322-f1ca5b37ee09
Golden jackal,CT49,Canis aureus,2025-06-12 04:29:45,2025-06-12 04:29:45,46.51642,29.87586,1,ffb0dc55-0c44-4fa6-b735-4f7bafb8c208
Golden jackal,CT48,Canis aureus,2025-06-13 23:35:47,2025-06-13 23:35:47,46.50836,29.87452,2,bd6de98c-2adf-4941-9ffb-fd52e8f82fe1
Golden jackal,CT44,Canis aureus,2025-06-10 05:46:32,2025-06-10 05:46:32,46.53128,29.86926,1,e5a32dd0-cd89-4665-b8c7-dffb5bfced28
Golden jackal,CT48,Canis aureus,2025-06-11 02:54:27,2025-06-11 02:54:27,46.50836,29.87452,2,ca4c16a1-d116-437c-9691-fe31fa12581d
Golden jackal,CT49,Canis aureus,2025-06-20 05:33:47,2025-06-20 05:33:47,46.51642,29.87586,1,a3bcc3c5-4be3-4ebc-89de-d4ca5112c4a2
Golden jackal,CT48,Canis aureus,2025-06-03 20:04:06,2025-06-03 20:04:06,46.50836,29.87452,1,5a2ca835-f7f9-4364-a75c-c47fd59e8c3a
Golden jackal,CT44,Canis aureus,2025-06-16 12:38:30,2025-06-16 12:38:30,46.53128,29.86926,1,cdb8c88c-e756-40fc-b736-7b89d0d1f911
Golden jackal,CT49,Canis aureus,2025-06-11 21:38:12,2025-06-11 21:38:12,46.51642,29.87586,1,103ba5a6-ebd6-442e-b802-337988467745
Golden jackal,CT48,Canis aureus,2025-06-11 04:45:26,2025-06-11 04:44:48,46.50836,29.87452,2,57faf20f-0aff-44e3-a10f-fcb56632a1f4
Golden jackal,CT49,Canis aureus,2025-06-20 18:45:14,2025-06-20 18:44:53,46.51642,29.87586,1,2524199a-8039-407c-bba2-090e8aa39e67
Golden jackal,CT45,Canis aureus,2025-06-03 02:39:08,2025-06-03 02:39:08,46.50326,29.8767,1,f8d35764-78a6-4857-87c9-f2906c022d2f
Golden jackal,CT44,Canis aureus,2025-06-17 12:49:47,2025-06-17 12:49:47,46.53128,29.86926,1,a61139bf-1f2d-47bf-bc6c-6371807e7740
Golden jackal,CT48,Canis aureus,2025-06-03 22:04:17,2025-06-03 22:04:17,46.50836,29.87452,2,b4a87ead-d12a-4580-8e84-0bbab41fcd69
Red-backed Shrike,CT41,Lanius collurio,2025-05-30 18:47:02,2025-05-30 18:47:02,46.5229,29.87434,1,c789b7bb-66f9-4c49-bef0-8088ce94ce4d
Red-backed Shrike,CT41,Lanius collurio,2025-05-30 15:31:54,2025-05-30 15:31:54,46.5229,29.87434,1,6e70959f-d4d1-4157-a36b-90d5ceb0ccb2
Red-backed Shrike,CT49,Lanius collurio,2025-05-31 07:30:54,2025-05-31 07:30:54,46.51642,29.87586,1,33f64473-8808-4778-926d-b8fbadd3d52b
Red-backed Shrike,CT49,Lanius collurio,2025-06-13 10:56:14,2025-06-13 10:56:14,46.51642,29.87586,1,c81d4945-1e62-45a6-b343-ae808ddfd863
Wildcat,CT49,Felis silvestris,2025-06-23 00:30:46,2025-06-23 00:30:46,46.51642,29.87586,1,8593c25a-b135-4428-bceb-431f7c92ddc7
Wildcat,CT49,Felis silvestris,2025-06-16 04:38:04,2025-06-16 04:38:04,46.51642,29.87586,1,fa72ca20-bee5-4e05-9847-80910daabfc2
